Workbook

Sheet Check Data
A1: Date | B1: Payee | C1: Bank Account | D1: Expense Account | E1: Amount | F1: Check Number | G1: Memo | H1: Class | J1: How to use this tab
C2: Checking | D2: Dealer Checks | J2: Fill in one row per check, starting at row 3 (row 2 is a filled-in example).
C3: Checking | D3: Dealer Checks | J3: Blue cells = type your data here. Don't skip rows — fill top-down with no gaps,
C4: Checking | D4: Dealer Checks | J4: since the IIF Output tab stops at the first blank Payee it finds.
C5: Checking | D5: Dealer Checks | J5: Date: any date format Excel accepts. Amount: positive dollar amount.
C6: Checking | D6: Dealer Checks | J6: Bank Account / Expense Account: must exactly match QuickBooks account names
C7: Checking | D7: Dealer Checks | J7: (defaults shown: Checking / Dealer Checks).
C8: Checking | D8: Dealer Checks | J8: Check Number: required, and must be unique for this import.
C9: Checking | D9: Dealer Checks | J9: Class and Memo are optional — leave blank if not used.
C10: Checking | D10: Dealer Checks
C11: Checking | D11: Dealer Checks
C12: Checking | D12: Dealer Checks
C13: Checking | D13: Dealer Checks
C14: Checking | D14: Dealer Checks
C15: Checking | D15: Dealer Checks
C16: Checking | D16: Dealer Checks
C17: Checking | D17: Dealer Checks
C18: Checking | D18: Dealer Checks
C19: Checking | D19: Dealer Checks
C20: Checking | D20: Dealer Checks
C21: Checking | D21: Dealer Checks
... C75: Checking | D75: Dealer Checks

Sheet Instructions
A1: How to turn this workbook into a QuickBooks IIF import
A3: 1. Fill in the Check Data tab
A4: Enter one row per check starting at row 3 (row 2 is a filled-in example — leave it as reference or delete its contents). Fill top-down with no blank rows in between, since the IIF Output tab stops generating at the first blank Payee.
A6: 2. Check the IIF Output tab
A7: This tab has one cell (A3) that automatically builds the entire IIF file as one block of text from your Check Data rows. It updates itself as you fill in the Check Data tab — nothing to copy or drag across columns.
A9: 3. Copy that one cell
A10: On the IIF Output tab, click cell A3 once to select it (a single click — don't drag across a range, and don't double-click or press F2, which opens the formula for editing instead of copying its result). Press Ctrl+C.
A12: 4. Paste into Notepad, then delete two stray quote marks
A13: Open Notepad (or another plain-text editor — not Word). Paste (Ctrl+V). Because this cell's text contains line breaks, Excel sometimes wraps the whole pasted block in one quote mark at the very start and one at the very end (never in the middle). Delete just those two characters if you see them — everything in between is already clean, tab-delimited, and correct.
A15: 5. Save as a .iif file
A16: File > Save As. Set 'Save as type' to 'All Files'. Name it something like Checks_08-15-26.iif (the .iif extension matters — QuickBooks won't recognize .txt). Set Encoding to ANSI (or Windows-1252) rather than UTF-8, which is what QuickBooks Desktop expects.
A18: 6. Back up QuickBooks first
... A30: - Check Number must be unique across the checks in a single import file.

Sheet IIF Blocks
A1: =IF('Check Data'!B3="","","TRNS"&CHAR(9)&CHAR(9)&"CHECK"&CHAR(9)&TEXT('Check Data'!A3,"mm/dd/yyyy")&CHAR(9)&'Check Data'!C3&CHAR(9)&'Check Data'!B3&CHAR(9)&""&'Check Data'!H3&CHAR(9)&"-"&TEXT('Check Data'!E3,"0.00")&CHAR(9)&'Check Data'!F3&CHAR(9)&""&'Check Data'!G3&CHAR(9)&"Y"&CHAR(10)&"SPL"&CHAR(9)&CHAR(9)&"CHECK"&CHAR(9)&TEXT('Check Data'!A3,"mm/dd/yyyy")&CHAR(9)&'Check Data'!D3&CHAR(9)&""&'Check Data'!H3&CHAR(9)&TEXT('Check Data'!E3,"0.00")&CHAR(9)&'Check Data'!F3&CHAR(9)&""&'Check Data'!G3&CHAR(10)&"ENDTRNS")
A2: =IF('Check Data'!B4="","","TRNS"&CHAR(9)&CHAR(9)&"CHECK"&CHAR(9)&TEXT('Check Data'!A4,"mm/dd/yyyy")&CHAR(9)&'Check Data'!C4&CHAR(9)&'Check Data'!B4&CHAR(9)&""&'Check Data'!H4&CHAR(9)&"-"&TEXT('Check Data'!E4,"0.00")&CHAR(9)&'Check Data'!F4&CHAR(9)&""&'Check Data'!G4&CHAR(9)&"Y"&CHAR(10)&"SPL"&CHAR(9)&CHAR(9)&"CHECK"&CHAR(9)&TEXT('Check Data'!A4,"mm/dd/yyyy")&CHAR(9)&'Check Data'!D4&CHAR(9)&""&'Check Data'!H4&CHAR(9)&TEXT('Check Data'!E4,"0.00")&CHAR(9)&'Check Data'!F4&CHAR(9)&""&'Check Data'!G4&CHAR(10)&"ENDTRNS")
A3: =IF('Check Data'!B5="","","TRNS"&CHAR(9)&CHAR(9)&"CHECK"&CHAR(9)&TEXT('Check Data'!A5,"mm/dd/yyyy")&CHAR(9)&'Check Data'!C5&CHAR(9)&'Check Data'!B5&CHAR(9)&""&'Check Data'!H5&CHAR(9)&"-"&TEXT('Check Data'!E5,"0.00")&CHAR(9)&'Check Data'!F5&CHAR(9)&""&'Check Data'!G5&CHAR(9)&"Y"&CHAR(10)&"SPL"&CHAR(9)&CHAR(9)&"CHECK"&CHAR(9)&TEXT('Check Data'!A5,"mm/dd/yyyy")&CHAR(9)&'Check Data'!D5&CHAR(9)&""&'Check Data'!H5&CHAR(9)&TEXT('Check Data'!E5,"0.00")&CHAR(9)&'Check Data'!F5&CHAR(9)&""&'Check Data'!G5&CHAR(10)&"ENDTRNS")
A4: =IF('Check Data'!B6="","","TRNS"&CHAR(9)&CHAR(9)&"CHECK"&CHAR(9)&TEXT('Check Data'!A6,"mm/dd/yyyy")&CHAR(9)&'Check Data'!C6&CHAR(9)&'Check Data'!B6&CHAR(9)&""&'Check Data'!H6&CHAR(9)&"-"&TEXT('Check Data'!E6,"0.00")&CHAR(9)&'Check Data'!F6&CHAR(9)&""&'Check Data'!G6&CHAR(9)&"Y"&CHAR(10)&"SPL"&CHAR(9)&CHAR(9)&"CHECK"&CHAR(9)&TEXT('Check Data'!A6,"mm/dd/yyyy")&CHAR(9)&'Check Data'!D6&CHAR(9)&""&'Check Data'!H6&CHAR(9)&TEXT('Check Data'!E6,"0.00")&CHAR(9)&'Check Data'!F6&CHAR(9)&""&'Check Data'!G6&CHAR(10)&"ENDTRNS")
A5: =IF('Check Data'!B7="","","TRNS"&CHAR(9)&CHAR(9)&"CHECK"&CHAR(9)&TEXT('Check Data'!A7,"mm/dd/yyyy")&CHAR(9)&'Check Data'!C7&CHAR(9)&'Check Data'!B7&CHAR(9)&""&'Check Data'!H7&CHAR(9)&"-"&TEXT('Check Data'!E7,"0.00")&CHAR(9)&'Check Data'!F7&CHAR(9)&""&'Check Data'!G7&CHAR(9)&"Y"&CHAR(10)&"SPL"&CHAR(9)&CHAR(9)&"CHECK"&CHAR(9)&TEXT('Check Data'!A7,"mm/dd/yyyy")&CHAR(9)&'Check Data'!D7&CHAR(9)&""&'Check Data'!H7&CHAR(9)&TEXT('Check Data'!E7,"0.00")&CHAR(9)&'Check Data'!F7&CHAR(9)&""&'Check Data'!G7&CHAR(10)&"ENDTRNS")
A6: =IF('Check Data'!B8="","","TRNS"&CHAR(9)&CHAR(9)&"CHECK"&CHAR(9)&TEXT('Check Data'!A8,"mm/dd/yyyy")&CHAR(9)&'Check Data'!C8&CHAR(9)&'Check Data'!B8&CHAR(9)&""&'Check Data'!H8&CHAR(9)&"-"&TEXT('Check Data'!E8,"0.00")&CHAR(9)&'Check Data'!F8&CHAR(9)&""&'Check Data'!G8&CHAR(9)&"Y"&CHAR(10)&"SPL"&CHAR(9)&CHAR(9)&"CHECK"&CHAR(9)&TEXT('Check Data'!A8,"mm/dd/yyyy")&CHAR(9)&'Check Data'!D8&CHAR(9)&""&'Check Data'!H8&CHAR(9)&TEXT('Check Data'!E8,"0.00")&CHAR(9)&'Check Data'!F8&CHAR(9)&""&'Check Data'!G8&CHAR(10)&"ENDTRNS")
A7: =IF('Check Data'!B9="","","TRNS"&CHAR(9)&CHAR(9)&"CHECK"&CHAR(9)&TEXT('Check Data'!A9,"mm/dd/yyyy")&CHAR(9)&'Check Data'!C9&CHAR(9)&'Check Data'!B9&CHAR(9)&""&'Check Data'!H9&CHAR(9)&"-"&TEXT('Check Data'!E9,"0.00")&CHAR(9)&'Check Data'!F9&CHAR(9)&""&'Check Data'!G9&CHAR(9)&"Y"&CHAR(10)&"SPL"&CHAR(9)&CHAR(9)&"CHECK"&CHAR(9)&TEXT('Check Data'!A9,"mm/dd/yyyy")&CHAR(9)&'Check Data'!D9&CHAR(9)&""&'Check Data'!H9&CHAR(9)&TEXT('Check Data'!E9,"0.00")&CHAR(9)&'Check Data'!F9&CHAR(9)&""&'Check Data'!G9&CHAR(10)&"ENDTRNS")
A8: =IF('Check Data'!B10="","","TRNS"&CHAR(9)&CHAR(9)&"CHECK"&CHAR(9)&TEXT('Check Data'!A10,"mm/dd/yyyy")&CHAR(9)&'Check Data'!C10&CHAR(9)&'Check Data'!B10&CHAR(9)&""&'Check Data'!H10&CHAR(9)&"-"&TEXT('Check Data'!E10,"0.00")&CHAR(9)&'Check Data'!F10&CHAR(9)&""&'Check Data'!G10&CHAR(9)&"Y"&CHAR(10)&"SPL"&CHAR(9)&CHAR(9)&"CHECK"&CHAR(9)&TEXT('Check Data'!A10,"mm/dd/yyyy")&CHAR(9)&'Check Data'!D10&CHAR(9)&""&'Check Data'!H10&CHAR(9)&TEXT('Check Data'!E10,"0.00")&CHAR(9)&'Check Data'!F10&CHAR(9)&""&'Check Data'!G10&CHAR(10)&"ENDTRNS")
A9: =IF('Check Data'!B11="","","TRNS"&CHAR(9)&CHAR(9)&"CHECK"&CHAR(9)&TEXT('Check Data'!A11,"mm/dd/yyyy")&CHAR(9)&'Check Data'!C11&CHAR(9)&'Check Data'!B11&CHAR(9)&""&'Check Data'!H11&CHAR(9)&"-"&TEXT('Check Data'!E11,"0.00")&CHAR(9)&'Check Data'!F11&CHAR(9)&""&'Check Data'!G11&CHAR(9)&"Y"&CHAR(10)&"SPL"&CHAR(9)&CHAR(9)&"CHECK"&CHAR(9)&TEXT('Check Data'!A11,"mm/dd/yyyy")&CHAR(9)&'Check Data'!D11&CHAR(9)&""&'Check Data'!H11&CHAR(9)&TEXT('Check Data'!E11,"0.00")&CHAR(9)&'Check Data'!F11&CHAR(9)&""&'Check Data'!G11&CHAR(10)&"ENDTRNS")
A10: =IF('Check Data'!B12="","","TRNS"&CHAR(9)&CHAR(9)&"CHECK"&CHAR(9)&TEXT('Check Data'!A12,"mm/dd/yyyy")&CHAR(9)&'Check Data'!C12&CHAR(9)&'Check Data'!B12&CHAR(9)&""&'Check Data'!H12&CHAR(9)&"-"&TEXT('Check Data'!E12,"0.00")&CHAR(9)&'Check Data'!F12&CHAR(9)&""&'Check Data'!G12&CHAR(9)&"Y"&CHAR(10)&"SPL"&CHAR(9)&CHAR(9)&"CHECK"&CHAR(9)&TEXT('Check Data'!A12,"mm/dd/yyyy")&CHAR(9)&'Check Data'!D12&CHAR(9)&""&'Check Data'!H12&CHAR(9)&TEXT('Check Data'!E12,"0.00")&CHAR(9)&'Check Data'!F12&CHAR(9)&""&'Check Data'!G12&CHAR(10)&"ENDTRNS")
A11: =IF('Check Data'!B13="","","TRNS"&CHAR(9)&CHAR(9)&"CHECK"&CHAR(9)&TEXT('Check Data'!A13,"mm/dd/yyyy")&CHAR(9)&'Check Data'!C13&CHAR(9)&'Check Data'!B13&CHAR(9)&""&'Check Data'!H13&CHAR(9)&"-"&TEXT('Check Data'!E13,"0.00")&CHAR(9)&'Check Data'!F13&CHAR(9)&""&'Check Data'!G13&CHAR(9)&"Y"&CHAR(10)&"SPL"&CHAR(9)&CHAR(9)&"CHECK"&CHAR(9)&TEXT('Check Data'!A13,"mm/dd/yyyy")&CHAR(9)&'Check Data'!D13&CHAR(9)&""&'Check Data'!H13&CHAR(9)&TEXT('Check Data'!E13,"0.00")&CHAR(9)&'Check Data'!F13&CHAR(9)&""&'Check Data'!G13&CHAR(10)&"ENDTRNS")
A12: =IF('Check Data'!B14="","","TRNS"&CHAR(9)&CHAR(9)&"CHECK"&CHAR(9)&TEXT('Check Data'!A14,"mm/dd/yyyy")&CHAR(9)&'Check Data'!C14&CHAR(9)&'Check Data'!B14&CHAR(9)&""&'Check Data'!H14&CHAR(9)&"-"&TEXT('Check Data'!E14,"0.00")&CHAR(9)&'Check Data'!F14&CHAR(9)&""&'Check Data'!G14&CHAR(9)&"Y"&CHAR(10)&"SPL"&CHAR(9)&CHAR(9)&"CHECK"&CHAR(9)&TEXT('Check Data'!A14,"mm/dd/yyyy")&CHAR(9)&'Check Data'!D14&CHAR(9)&""&'Check Data'!H14&CHAR(9)&TEXT('Check Data'!E14,"0.00")&CHAR(9)&'Check Data'!F14&CHAR(9)&""&'Check Data'!G14&CHAR(10)&"ENDTRNS")
... A60: =IF('Check Data'!B62="","","TRNS"&CHAR(9)&CHAR(9)&"CHECK"&CHAR(9)&TEXT('Check Data'!A62,"mm/dd/yyyy")&CHAR(9)&'Check Data'!C62&CHAR(9)&'Check Data'!B62&CHAR(9)&""&'Check Data'!H62&CHAR(9)&"-"&TEXT('Check Data'!E62,"0.00")&CHAR(9)&'Check Data'!F62&CHAR(9)&""&'Check Data'!G62&CHAR(9)&"Y"&CHAR(10)&"SPL"&CHAR(9)&CHAR(9)&"CHECK"&CHAR(9)&TEXT('Check Data'!A62,"mm/dd/yyyy")&CHAR(9)&'Check Data'!D62&CHAR(9)&""&'Check Data'!H62&CHAR(9)&TEXT('Check Data'!E62,"0.00")&CHAR(9)&'Check Data'!F62&CHAR(9)&""&'Check Data'!G62&CHAR(10)&"ENDTRNS")

Sheet IIF Output
A1: Click this cell once (don't double-click or press F2 — that opens the formula, not the result), press Ctrl+C, then paste into Notepad. If a single quote mark shows up at the very start and end of the pasted text, just delete those two characters — everything between them is already correct. Save as .iif. Full steps are on the Instructions tab.
A3: ="!TRNS"&CHAR(9)&"TRNSID"&CHAR(9)&"TRNSTYPE"&CHAR(9)&"DATE"&CHAR(9)&"ACCNT"&CHAR(9)&"NAME"&CHAR(9)&"CLASS"&CHAR(9)&"AMOUNT"&CHAR(9)&"DOCNUM"&CHAR(9)&"MEMO"&CHAR(9)&"TOPRINT"&CHAR(10)&"!SPL"&CHAR(9)&"SPLID"&CHAR(9)&"TRNSTYPE"&CHAR(9)&"DATE"&CHAR(9)&"ACCNT"&CHAR(9)&"CLASS"&CHAR(9)&"AMOUNT"&CHAR(9)&"DOCNUM"&CHAR(9)&"MEMO"&CHAR(10)&"!ENDTRNS"&CHAR(10)&_xlfn.TEXTJOIN(CHAR(10),TRUE(),'IIF Blocks'!A1:A60) -> !TRNS TRNSID TRNSTYPE DATE ACCNT NAME CLASS AMOUNT DOCNUM MEMO TOPRINT !SPL SPLID TRNSTYPE DATE ACCNT CLASS AMOUNT DOCNUM MEMO !ENDTRNS

Sheet Sheet1
